<?xml version="1.0" encoding="UTF-8" ?>
<!DOCTYPE mapper PUBLIC "-//mybatis.org//DTD Mapper 3.0//EN" "http://mybatis.org/dtd/mybatis-3-mapper.dtd" >
<mapper namespace="com.atguigu.mybatis.mapper.EmpDynamicSQLMapper">



<!--
 sql：抽取可复用的sql片段
 include：引用sql片段，refid属性：sql片段的id
 -->
    <sql id="column_names">
        id,emp_name empName,age,emp_salary empSalary
    </sql>


    <!-- where 版
     if标签：判断；
         test：判断条件； java代码怎么写，它怎么写
     where标签：解决 where 后面 语法错误问题（多and、or, 无任何条件多where）
     -->
<!--    <select id="queryEmpByNameAndSalary" resultType="com.atguigu.mybatis.bean.Emp">-->
<!--        select * from t_emp-->
<!--        <where>-->
<!--            <if test="name != null">-->
<!--                emp_name= #{name}-->
<!--            </if>-->
<!--            <if test="salary != null">-->
<!--                and emp_salary = #{salary};-->
<!--            </if>-->
<!--        </where>-->
<!--    </select>-->



<!-- trim版本实现where
    prefix：前缀 ; 如果标签体中有东西，就给它们拼一个前缀
    suffix：后缀
    prefixOverrides：前缀覆盖； 标签体中最终生成的字符串，如果以指定前缀开始，就覆盖成空串
    suffixOverrides：后缀覆盖

-->
    <select id="queryEmpByNameAndSalary" resultType="com.atguigu.mybatis.bean.Emp">
        select * from t_emp
        <trim prefix="where" prefixOverrides="and || or">
            <if test="name != null">
                emp_name= #{name}
            </if>
            <if test="salary != null">
                and emp_salary = #{salary}
            </if>
        </trim>

    </select>



    <!--  set：和where一样，解决语法错误问题。
       update t_emp where id=1
      -->
<!--    <update id="updateEmp">-->
<!--        update t_emp-->
<!--            <set>-->
<!--                <if test="empName != null">-->
<!--                    emp_name = #{empName},-->
<!--                </if>-->
<!--                <if test="empSalary != null">-->
<!--                    emp_salary = #{empSalary},-->
<!--                </if>-->
<!--                <if test="age!=null">-->
<!--                    age = #{age}-->
<!--                </if>-->
<!--            </set>-->
<!--        where id = #{id}-->
<!--    </update>-->

<!--   trim： 版本实现 set
suffix="where id = #{id}"
-->
    <update id="updateEmp">
        update t_emp
            <trim prefix="set" suffixOverrides="," >
                <if test="empName != null">
                    emp_name = #{empName},
                </if>
                <if test="empSalary != null">
                    emp_salary &lt; #{empSalary},
                </if>
                <if test="age!=null">
                    age = #{age}
                </if>
            </trim>
        where id = #{id}
    </update>
    <update id="updateBatchEmp">
        <foreach collection="emps" item="e" separator=";">
            update t_emp
            <set>
                <if test="e.empName != null">
                    emp_name = #{e.empName},
                </if>
                <if test="e.empSalary != null">
                    emp_salary = #{e.empSalary},
                </if>
                <if test="e.age!=null">
                    age = #{e.age}
                </if>
            </set>
            where id=#{e.id}
        </foreach>
    </update>


    <select id="queryEmpByNameAndSalaryWhen" resultType="com.atguigu.mybatis.bean.Emp">
        select * from t_emp
        <where>
            <choose>
                <when test="name != null">
                    emp_name= #{name}
                </when>
                <when test="salary > 3000">
                    emp_salary = #{salary}
                </when>
                <otherwise>
                    id = 1
                </otherwise>
            </choose>
        </where>
    </select>

<!--  for(Integer id :ids)
foreach: 遍历List,Set,Map,数组
        collection：指定要遍历的集合名
        item：将当前遍历出的元素赋值给指定的变量
        separator：指定在每次遍历时，元素之间拼接的分隔符
        open：遍历开始前缀； 不开始遍历就不会有这个
        close：遍历结束后缀
-->

    <select id="getEmpsByIdIn" resultType="com.atguigu.mybatis.bean.Emp">
        select
            <include refid="column_names"></include>
            from t_emp
            <if test="ids != null">
                <foreach collection="ids" item="id" separator="," open="where id IN (" close=")">
                    #{id}
                </foreach>
            </if>

    </select>




    <insert id="addEmps">
        insert into t_emp(emp_name,age,emp_salary)
        values
        <foreach collection="emps" item="emp" separator=",">
            (#{emp.empName},#{emp.age},#{emp.empSalary})
        </foreach>
    </insert>
</mapper>